symbol,date,open,high,low,close,Signal,entry_price,target1,target2,target3,stop_loss
LTIM-I,2025-07-11 09:15:00,5294.0,5294.0,5188.5,5274.5,Buy,5294.0,5320.47,5342.7,5388.76,5267.53
PAYTM-I,2025-07-11 12:15:00,920.3,920.3,918.3,918.55,Buy,920.3,924.9,928.77,936.77,915.7
ABCAPITAL-I,2025-07-11 11:00:00,268.55,269.5,268.15,269.45,Buy,269.5,270.85,271.98,274.32,268.15
TITAN-I,2025-07-11 12:30:00,3401.9,3408.9,3401.8,3406.5,Sell,3401.8,3384.79,3363.7,3329.68,3418.81
KAYNES-I,2025-07-11 13:45:00,6039.0,6060.0,6023.0,6041.5,Sell,6023.0,5992.88,5955.54,5895.31,6053.12
BPCL-I,2025-07-11 12:30:00,344.75,347.25,344.75,346.5,Sell,344.75,343.03,340.89,337.44,346.47
CYIENT-I,2025-07-11 11:00:00,1281.0,1281.0,1275.1,1276.1,Buy,1281.0,1287.4,1292.79,1303.93,1274.6
AXISBANK-I,2025-07-11 13:30:00,1172.0,1172.4,1171.3,1172.1,Buy,1172.4,1178.26,1183.19,1193.39,1166.54
PATANJALI-I,2025-07-11 10:30:00,1667.2,1667.2,1654.0,1660.1,Buy,1667.2,1675.54,1682.54,1697.04,1658.86
BANKINDIA-I,2025-07-11 12:30:00,113.91,115.73,113.91,115.0,Sell,113.91,113.34,112.63,111.5,114.48
JUBLFOOD-I,2025-07-11 13:30:00,681.65,682.15,680.15,682.15,Buy,682.15,685.56,688.43,694.36,678.74
VBL-I,2025-07-11 14:00:00,454.25,454.25,452.9,453.7,Buy,454.25,456.52,458.43,462.38,451.98
UPL-I,2025-07-11 13:15:00,657.85,659.45,657.2,657.2,Sell,657.2,653.91,649.84,643.27,660.49
IIFL-I,2025-07-11 14:00:00,520.0,520.0,518.45,518.9,Buy,520.0,522.6,524.78,529.31,517.4
KALYANKJIL-I,2025-07-11 14:15:00,581.15,582.6,580.0,582.45,Buy,582.6,585.51,587.96,593.03,579.69
HDFCLIFE-I,2025-07-11 12:30:00,768.5,770.65,767.85,770.3,Sell,767.85,764.01,759.25,751.57,771.69
HINDZINC-I,2025-07-11 12:30:00,428.05,429.55,428.05,428.85,Sell,428.05,425.91,423.26,418.98,430.19
ATGL-I,2025-07-11 11:45:00,651.1,654.95,651.1,652.15,Sell,651.1,647.84,643.81,637.3,654.36
SBILIFE-I,2025-07-11 12:00:00,1829.8,1832.0,1827.9,1831.4,Buy,1832.0,1841.16,1848.85,1864.79,1822.84
HINDUNILVR-I,2025-07-11 14:00:00,2530.4,2534.8,2527.4,2528.1,Sell,2527.4,2514.76,2499.09,2473.82,2540.04
GLENMARK-I,2025-07-11 11:45:00,2197.6,2293.1,2190.7,2193.6,Sell,2190.7,2179.75,2166.16,2144.26,2201.65
JINDALSTEL-I,2025-07-11 13:30:00,934.6,936.3,931.95,936.0,Buy,936.3,940.98,944.91,953.06,931.62
SBIN-I,2025-07-11 12:30:00,807.55,814.4,807.55,811.0,Sell,807.55,803.51,798.51,790.43,811.59
TATATECH-I,2025-07-11 13:00:00,719.05,720.35,718.1,720.35,Sell,718.1,714.51,710.06,702.88,721.69
RBLBANK-I,2025-07-11 10:15:00,253.0,253.01,252.35,253.01,Buy,253.01,254.28,255.34,257.54,251.74
ADANIGREEN-I,2025-07-11 13:15:00,1000.1,1007.8,1000.1,1004.4,Sell,1000.1,995.1,988.9,978.9,1005.1
DIVISLAB-I,2025-07-11 14:00:00,6860.0,6860.5,6846.0,6856.5,Sell,6846.0,6811.77,6769.32,6700.86,6880.23
NMDC-I,2025-07-11 13:15:00,69.54,69.73,69.51,69.6,Sell,69.51,69.16,68.73,68.04,69.86
OIL-I,2025-07-11 11:00:00,428.3,428.5,427.3,428.25,Buy,428.5,430.64,432.44,436.17,426.36
JSWENERGY-I,2025-07-11 11:00:00,524.45,525.5,522.9,525.5,Buy,525.5,528.13,530.33,534.91,522.87
BAJFINANCE-I,2025-07-11 12:30:00,938.75,944.45,938.5,943.6,Sell,938.5,933.81,927.99,918.6,943.19
CUMMINSIND-I,2025-07-11 13:45:00,3510.4,3511.3,3506.5,3510.4,Buy,3511.3,3528.86,3543.6,3574.15,3493.74
ICICIGI-I,2025-07-11 13:15:00,2008.5,2017.0,2008.5,2014.0,Sell,2008.5,1998.46,1986.0,1965.92,2018.54
SHREECEM-I,2025-07-11 14:00:00,31070.0,31070.0,30970.0,31055.0,Buy,31070.0,31225.35,31355.84,31626.15,30914.65
M&MFIN-I,2025-07-11 12:45:00,267.2,267.7,267.1,267.1,Sell,267.1,265.76,264.11,261.44,268.44
AMBUJACEM-I,2025-07-11 11:00:00,586.85,588.5,586.05,588.2,Buy,588.5,591.44,593.91,599.03,585.56
ADANIENSOL-I,2025-07-11 11:45:00,882.5,887.0,882.5,885.0,Sell,882.5,878.09,872.62,863.79,886.91
LUPIN-I,2025-07-11 11:00:00,1876.7,1880.0,1874.1,1879.5,Buy,1880.0,1889.4,1897.3,1913.65,1870.6
360ONE-I,2025-07-11 13:45:00,1205.0,1207.8,1204.6,1205.0,Sell,1204.6,1198.58,1191.11,1179.06,1210.62
DIXON-I,2025-07-11 13:15:00,15940.0,15980.0,15880.0,15899.0,Sell,15880.0,15800.6,15702.14,15543.34,15959.4
MIDCPNIFTY-I,2025-07-11 13:30:00,13080.0,13080.95,13058.15,13060.7,Buy,13080.95,13146.35,13201.29,13315.1,13015.55
BSOFT-I,2025-07-11 14:30:00,418.5,419.5,418.5,418.65,Sell,418.5,416.41,413.81,409.63,420.59
KPITTECH-I,2025-07-11 13:00:00,1259.3,1260.1,1255.0,1260.1,Buy,1260.1,1266.4,1271.69,1282.66,1253.8
IRFC-I,2025-07-11 12:45:00,136.58,136.68,136.4,136.4,Sell,136.4,135.72,134.87,133.51,137.08
HCLTECH-I,2025-07-11 13:45:00,1624.8,1624.8,1620.4,1622.3,Buy,1624.8,1632.92,1639.75,1653.88,1616.68
TORNTPOWER-I,2025-07-11 11:30:00,1419.5,1427.0,1419.2,1424.3,Sell,1419.2,1412.1,1403.3,1389.11,1426.3
IEX-I,2025-07-11 12:45:00,207.55,208.7,207.45,207.5,Sell,207.45,206.41,205.13,203.05,208.49
ASTRAL-I,2025-07-11 12:30:00,1477.0,1480.9,1477.0,1480.1,Sell,1477.0,1469.62,1460.46,1445.69,1484.38
ICICIBANK-I,2025-07-11 13:00:00,1426.3,1427.7,1425.0,1425.5,Sell,1425.0,1417.88,1409.04,1394.79,1432.12
TATAPOWER-I,2025-07-11 12:45:00,401.1,401.4,399.5,399.5,Sell,399.5,397.5,395.03,391.03,401.5
HFCL-I,2025-07-11 12:45:00,81.86,82.03,81.86,81.9,Sell,81.86,81.45,80.94,80.12,82.27
FINNIFTY-I,2025-07-11 11:00:00,26930.0,26958.1,26920.0,26942.6,Buy,26958.1,27092.89,27206.11,27440.65,26823.31
PNB-I,2025-07-11 13:45:00,110.6,111.49,110.54,111.25,Sell,110.54,109.99,109.3,108.2,111.09
GAIL-I,2025-07-11 12:30:00,183.95,184.21,183.87,183.9,Sell,183.87,182.95,181.81,179.97,184.79
LICI-I,2025-07-11 12:30:00,916.95,920.45,916.4,918.6,Sell,916.4,911.82,906.14,896.97,920.98
POLYCAB-I,2025-07-11 13:30:00,6701.0,6705.0,6677.0,6685.0,Buy,6705.0,6738.52,6766.69,6825.02,6671.48
HINDPETRO-I,2025-07-11 14:00:00,439.55,439.85,438.15,438.65,Sell,438.15,435.96,433.24,428.86,440.34
BHARTIARTL-I,2025-07-11 12:00:00,1912.0,1917.4,1909.3,1917.4,Buy,1917.4,1926.99,1935.04,1951.72,1907.81
ADANIENT-I,2025-07-11 13:30:00,2580.5,2595.0,2579.2,2579.4,Sell,2579.2,2566.3,2550.31,2524.52,2592.1
POONAWALLA-I,2025-07-11 12:00:00,458.9,459.05,458.0,458.8,Buy,459.05,461.35,463.27,467.27,456.75
ACC-I,2025-07-11 14:30:00,1999.5,2000.0,1991.5,1992.6,Sell,1991.5,1981.54,1969.2,1949.28,2001.46
ZYDUSLIFE-I,2025-07-11 13:45:00,967.75,968.0,966.1,967.7,Buy,968.0,972.84,976.91,985.33,963.16
BANDHANBNK-I,2025-07-11 14:00:00,176.48,176.95,176.34,176.67,Sell,176.34,175.46,174.36,172.6,177.22
PNBHOUSING-I,2025-07-11 13:15:00,1089.0,1089.7,1087.4,1089.2,Sell,1087.4,1081.96,1075.22,1064.35,1092.84
BIOCON-I,2025-07-11 14:15:00,375.75,376.9,375.25,375.9,Sell,375.25,373.37,371.05,367.29,377.13
HEROMOTOCO-I,2025-07-11 13:45:00,4146.6,4163.9,4144.5,4162.6,Buy,4163.9,4184.72,4202.21,4238.43,4143.08
GODREJPROP-I,2025-07-11 10:45:00,2242.9,2242.9,2233.5,2238.6,Buy,2242.9,2254.11,2263.53,2283.05,2231.69
NAUKRI-I,2025-07-11 11:15:00,1395.2,1397.5,1391.7,1393.1,Sell,1391.7,1384.74,1376.11,1362.2,1398.66
SRF-I,2025-07-11 09:45:00,3265.0,3272.5,3254.4,3256.8,Sell,3254.4,3238.13,3217.95,3185.41,3270.67
IRCTC-I,2025-07-11 14:30:00,777.65,779.5,777.65,779.0,Sell,777.65,773.76,768.94,761.16,781.54
BSE-I,2025-07-11 11:00:00,2369.2,2385.8,2361.7,2384.2,Buy,2385.8,2397.73,2407.75,2428.51,2373.87
ABFRL-I,2025-07-11 14:15:00,77.25,77.39,77.19,77.2,Sell,77.19,76.8,76.33,75.55,77.58
BOSCHLTD-I,2025-07-11 13:15:00,36370.0,36460.0,36315.0,36320.0,Sell,36315.0,36133.43,35908.27,35545.12,36496.57
POLICYBZR-I,2025-07-11 13:30:00,1788.3,1790.7,1784.0,1787.7,Buy,1790.7,1799.65,1807.17,1822.75,1781.75
TATACONSUM-I,2025-07-11 13:30:00,1080.7,1081.6,1079.0,1079.8,Buy,1081.6,1087.01,1091.55,1100.96,1076.19
RELIANCE-I,2025-07-11 11:30:00,1496.0,1498.8,1495.8,1497.8,Buy,1498.8,1506.29,1512.59,1525.63,1491.31
LTF-I,2025-07-11 13:00:00,205.62,207.0,205.46,206.62,Sell,205.46,204.43,203.16,201.1,206.49
GMRAIRPORT-I,2025-07-11 12:30:00,91.45,91.76,91.41,91.57,Sell,91.41,90.95,90.39,89.47,91.87
CDSL-I,2025-07-11 13:15:00,1703.6,1711.5,1703.6,1707.2,Sell,1703.6,1695.08,1684.52,1667.48,1712.12
TATACHEM-I,2025-07-11 11:30:00,911.6,914.85,909.9,914.0,Buy,914.85,919.42,923.27,931.23,910.28
NATIONALUM-I,2025-07-11 13:45:00,190.05,190.66,190.0,190.57,Buy,190.66,191.61,192.41,194.07,189.71
CANBK-I,2025-07-11 12:30:00,111.75,113.34,111.75,112.8,Sell,111.75,111.19,110.5,109.38,112.31
ULTRACEMCO-I,2025-07-11 11:00:00,12542.0,12573.0,12532.0,12559.0,Buy,12573.0,12635.86,12688.67,12798.06,12510.14
MUTHOOTFIN-I,2025-07-11 14:00:00,2629.9,2629.9,2622.4,2625.5,Buy,2629.9,2643.05,2654.1,2676.98,2616.75
APLAPOLLO-I,2025-07-11 12:00:00,1703.7,1704.5,1695.2,1700.0,Buy,1704.5,1713.02,1720.18,1735.01,1695.98
RECLTD-I,2025-07-11 12:30:00,402.65,405.5,402.65,404.45,Sell,402.65,400.64,398.14,394.11,404.66
GRANULES-I,2025-07-11 14:15:00,470.05,471.35,470.05,470.65,Sell,470.05,467.7,464.79,460.08,472.4
GODREJCP-I,2025-07-11 13:15:00,1290.3,1290.8,1284.5,1289.0,Buy,1290.8,1297.25,1302.68,1313.91,1284.35
NBCC-I,2025-07-11 12:30:00,113.48,114.34,113.48,114.2,Sell,113.48,112.91,112.21,111.07,114.05
FORTIS-I,2025-07-11 13:45:00,760.8,767.5,760.8,766.8,Sell,760.8,757.0,752.28,744.67,764.6
IDFCFIRSTB-I,2025-07-11 13:45:00,75.3,75.5,75.19,75.5,Buy,75.5,75.88,76.19,76.85,75.12
CIPLA-I,2025-07-11 12:30:00,1480.1,1482.5,1479.7,1481.2,Sell,1479.7,1472.3,1463.13,1448.33,1487.1
INDUSINDBK-I,2025-07-11 13:45:00,856.55,857.75,856.25,857.45,Buy,857.75,862.04,865.64,873.1,853.46
DABUR-I,2025-07-11 09:30:00,524.4,524.5,522.35,523.15,Sell,522.35,519.74,516.5,511.28,524.96
HINDALCO-I,2025-07-11 13:45:00,673.7,676.4,673.7,676.0,Sell,673.7,670.33,666.15,659.42,677.07
JSWSTEEL-I,2025-07-11 13:00:00,1039.9,1040.3,1037.4,1038.7,Buy,1040.3,1045.5,1049.87,1058.92,1035.1
PEL-I,2025-07-11 14:15:00,1186.7,1188.4,1177.5,1181.7,Buy,1188.4,1194.34,1199.33,1209.67,1182.46
BDL-I,2025-07-11 13:15:00,1880.2,1887.1,1879.1,1884.1,Sell,1879.1,1869.7,1858.05,1839.26,1888.5
INDIANB-I,2025-07-11 11:00:00,622.95,625.85,621.6,625.6,Buy,625.85,628.98,631.61,637.05,622.72
IOC-I,2025-07-11 12:30:00,151.35,152.07,151.35,151.83,Sell,151.35,150.59,149.65,148.14,152.11
NIFTY-I,2025-07-11 12:30:00,25226.9,25261.9,25225.0,25254.0,Sell,25225.0,25098.88,24942.48,24690.23,25351.12
SAIL-I,2025-07-11 11:00:00,135.05,135.49,134.6,135.49,Buy,135.49,136.17,136.74,137.92,134.81
POWERGRID-I,2025-07-11 11:00:00,297.55,298.05,297.2,297.75,Buy,298.05,299.54,300.79,303.39,296.56
PERSISTENT-I,2025-07-11 12:30:00,5581.0,5604.0,5581.0,5600.0,Sell,5581.0,5553.1,5518.49,5462.68,5608.9
COFORGE-I,2025-07-11 12:45:00,1862.7,1863.7,1854.0,1860.8,Buy,1863.7,1873.02,1880.85,1897.06,1854.38
LICHSGFIN-I,2025-07-11 14:15:00,606.65,607.5,605.8,606.0,Sell,605.8,602.77,599.02,592.96,608.83
MGL-I,2025-07-11 11:45:00,1489.3,1494.8,1489.3,1491.2,Sell,1489.3,1481.85,1472.62,1457.73,1496.75
INFY-I,2025-07-11 13:30:00,1593.6,1600.5,1592.9,1599.5,Sell,1592.9,1584.94,1575.06,1559.13,1600.86
PGEL-I,2025-07-11 13:30:00,771.05,771.05,767.7,768.8,Buy,771.05,774.91,778.14,784.85,767.19
MAZDOCK-I,2025-07-11 12:45:00,3194.0,3214.9,3194.0,3204.4,Sell,3194.0,3178.03,3158.23,3126.29,3209.97
COALINDIA-I,2025-07-11 14:30:00,381.8,382.0,381.5,381.9,Buy,382.0,383.91,385.51,388.84,380.09
HDFCBANK-I,2025-07-11 13:30:00,1990.6,1991.4,1989.3,1990.4,Buy,1991.4,2001.36,2009.72,2027.05,1981.44
DLF-I,2025-07-11 13:30:00,817.7,817.75,816.0,816.2,Buy,817.75,821.84,825.27,832.39,813.66
OBEROIRLTY-I,2025-07-11 13:15:00,1846.6,1851.9,1845.3,1849.3,Sell,1845.3,1836.07,1824.63,1806.18,1854.53
MANKIND-I,2025-07-11 11:15:00,2606.5,2607.5,2577.7,2598.8,Buy,2607.5,2620.54,2631.49,2654.17,2594.46
OFSS-I,2025-07-11 13:30:00,8568.0,8568.0,8545.0,8551.0,Buy,8568.0,8610.84,8646.83,8721.37,8525.16
MARICO-I,2025-07-11 13:30:00,727.15,727.85,724.15,724.3,Buy,727.85,731.49,734.55,740.88,724.21
TATAELXSI-I,2025-07-11 12:00:00,5917.0,5950.0,5910.0,5945.0,Buy,5950.0,5979.75,6004.74,6056.5,5920.25
PFC-I,2025-07-11 12:30:00,437.1,439.9,436.95,439.0,Sell,436.95,434.77,432.06,427.69,439.13
ETERNAL-I,2025-07-11 14:00:00,264.85,265.3,264.7,264.7,Sell,264.7,263.38,261.74,259.09,266.02
LAURUSLABS-I,2025-07-11 11:45:00,797.0,798.5,792.8,792.8,Sell,792.8,788.84,783.92,775.99,796.76
ANGELONE-I,2025-07-11 11:45:00,2693.6,2705.9,2692.8,2694.2,Sell,2692.8,2679.34,2662.64,2635.71,2706.26
KEI-I,2025-07-11 11:00:00,3640.4,3644.1,3634.8,3639.6,Buy,3644.1,3662.32,3677.63,3709.33,3625.88
INDIGO-I,2025-07-11 13:00:00,5922.0,5933.5,5921.5,5926.5,Sell,5921.5,5891.89,5855.18,5795.96,5951.11
BHEL-I,2025-07-11 13:15:00,260.95,261.5,260.7,261.05,Sell,260.7,259.4,257.78,255.17,262.0
GRASIM-I,2025-07-11 12:00:00,2790.4,2796.6,2788.7,2791.3,Sell,2788.7,2774.76,2757.47,2729.58,2802.64
MANAPPURAM-I,2025-07-11 13:15:00,263.5,264.1,263.5,263.95,Sell,263.5,262.18,260.55,257.91,264.82
INDHOTEL-I,2025-07-11 11:00:00,736.75,738.45,735.5,738.2,Buy,738.45,742.14,745.24,751.67,734.76
UNITDSPR-I,2025-07-11 09:15:00,1377.5,1389.3,1376.8,1387.1,Buy,1389.3,1396.25,1402.08,1414.17,1382.35
ABB-I,2025-07-11 12:00:00,5795.5,5805.0,5791.0,5800.0,Sell,5791.0,5762.04,5726.14,5668.23,5819.95
NESTLEIND-I,2025-07-11 12:00:00,2432.4,2435.0,2431.3,2433.0,Sell,2431.3,2419.14,2404.07,2379.76,2443.46
TATASTEEL-I,2025-07-11 13:00:00,160.15,160.23,159.95,160.16,Buy,160.23,161.03,161.7,163.1,159.43
ADANIPORTS-I,2025-07-11 13:15:00,1445.1,1447.8,1444.7,1446.5,Sell,1444.7,1437.48,1428.52,1414.07,1451.92
CHOLAFIN-I,2025-07-11 13:30:00,1535.9,1536.3,1534.2,1536.2,Buy,1536.3,1543.98,1550.43,1563.8,1528.62
MPHASIS-I,2025-07-11 13:00:00,2832.3,2835.5,2824.0,2828.7,Buy,2835.5,2849.68,2861.59,2886.26,2821.32
UNOMINDA-I,2025-07-11 12:00:00,1067.5,1067.5,1061.4,1065.2,Buy,1067.5,1072.84,1077.32,1086.61,1062.16
AMBER-I,2025-07-11 13:00:00,7435.0,7436.0,7405.0,7410.0,Buy,7436.0,7473.18,7504.41,7569.1,7398.82
TORNTPHARM-I,2025-07-11 09:15:00,3345.7,3379.8,3322.3,3370.0,Buy,3379.8,3396.7,3410.89,3440.3,3362.9
WIPRO-I,2025-07-11 14:00:00,255.3,256.0,255.25,255.55,Sell,255.25,253.97,252.39,249.84,256.53
SHRIRAMFIN-I,2025-07-11 12:30:00,668.55,674.0,668.55,672.65,Sell,668.55,665.21,661.06,654.38,671.89
AARTIIND-I,2025-07-11 09:45:00,451.2,451.8,449.55,449.55,Sell,449.55,447.3,444.52,440.02,451.8
IREDA-I,2025-07-11 11:45:00,161.34,161.67,160.8,160.85,Sell,160.8,160.0,159.0,157.39,161.6
PIDILITIND-I,2025-07-10 14:00:00,3061.5,3069.0,3061.5,3068.8,Sell,3061.5,3046.19,3027.21,2996.6,3076.81
SUPREMEIND-I,2025-07-11 12:30:00,4130.0,4161.0,4130.0,4155.0,Sell,4130.0,4109.35,4083.74,4042.44,4150.65
NYKAA-I,2025-07-11 13:45:00,217.21,217.85,217.05,217.66,Sell,217.05,215.96,214.62,212.45,218.14
APOLLOHOSP-I,2025-07-11 13:00:00,7192.0,7197.5,7187.0,7195.5,Buy,7197.5,7233.49,7263.72,7326.34,7161.51
NIFTYNXT50-I,2025-07-11 12:30:00,68293.4,68397.8,68293.4,68365.2,Sell,68293.4,67951.93,67528.51,66845.58,68634.87
MOTHERSON-I,2025-07-11 09:15:00,152.9,154.68,152.9,154.35,Buy,154.68,155.45,156.1,157.45,153.91
TATACOMM-I,2025-07-11 13:30:00,1724.4,1726.8,1721.0,1721.0,Sell,1721.0,1712.4,1701.72,1684.51,1729.6
BRITANNIA-I,2025-07-11 13:45:00,5745.5,5757.0,5738.0,5754.0,Buy,5757.0,5785.78,5809.96,5860.05,5728.22
SIEMENS-I,2025-07-11 13:30:00,3131.8,3138.1,3127.0,3136.0,Buy,3138.1,3153.79,3166.97,3194.27,3122.41
HAVELLS-I,2025-07-11 12:30:00,1531.5,1534.9,1531.5,1532.1,Sell,1531.5,1523.84,1514.35,1499.03,1539.16
DMART-I,2025-07-11 13:45:00,4080.9,4108.8,4076.0,4101.8,Sell,4076.0,4055.62,4030.35,3989.59,4096.38
MCX-I,2025-07-11 12:45:00,8180.5,8233.0,8178.5,8200.5,Sell,8178.5,8137.61,8086.9,8005.12,8219.39
DRREDDY-I,2025-07-11 13:45:00,1256.9,1260.8,1255.5,1260.8,Buy,1260.8,1267.1,1272.4,1283.37,1254.5
BANKBARODA-I,2025-07-11 12:30:00,237.73,241.48,237.73,240.0,Sell,237.73,236.54,235.07,232.69,238.92
SBICARD-I,2025-07-11 12:30:00,921.9,924.05,921.9,923.15,Sell,921.9,917.29,911.57,902.36,926.51
TECHM-I,2025-07-11 13:00:00,1588.3,1589.9,1586.6,1587.1,Buy,1589.9,1597.85,1604.53,1618.36,1581.95
CHAMBLFERT-I,2025-07-11 11:15:00,537.0,537.0,535.35,536.3,Buy,537.0,539.68,541.94,546.61,534.31
EICHERMOT-I,2025-07-10 15:00:00,5663.5,5668.5,5652.0,5667.5,Buy,5668.5,5696.84,5720.65,5769.97,5640.16
HUDCO-I,2025-07-11 12:30:00,232.56,233.9,232.56,233.65,Sell,232.56,231.4,229.96,227.63,233.72
CONCOR-I,2025-07-11 12:30:00,621.35,624.0,621.35,622.0,Sell,621.35,618.24,614.39,608.18,624.46
SONACOMS-I,2025-07-11 12:00:00,449.0,450.05,447.7,450.05,Buy,450.05,452.3,454.19,458.11,447.8
EXIDEIND-I,2025-07-10 14:45:00,389.1,389.6,388.6,389.0,Sell,388.6,386.66,384.25,380.36,390.54
CGPOWER-I,2025-07-11 13:30:00,672.65,672.8,669.55,670.2,Buy,672.8,676.16,678.99,684.84,669.44
ALKEM-I,2025-07-11 12:45:00,4840.7,4855.0,4840.0,4850.8,Sell,4840.0,4815.8,4785.79,4737.39,4864.2
DELHIVERY-I,2025-07-11 13:30:00,413.35,414.4,411.3,411.5,Sell,411.3,409.24,406.69,402.58,413.36
IGL-I,2025-07-11 13:15:00,220.52,221.21,220.13,220.13,Sell,220.13,219.03,217.66,215.46,221.23
MAXHEALTH-I,2025-07-11 13:15:00,1224.0,1226.8,1222.2,1224.9,Buy,1226.8,1232.93,1238.09,1248.76,1220.67
BAJAJ-AUTO-I,2025-07-11 13:45:00,8095.0,8119.0,8090.0,8115.0,Buy,8119.0,8159.59,8193.69,8264.33,8078.4
KOTAKBANK-I,2025-07-11 13:00:00,2213.4,2214.2,2211.7,2213.6,Buy,2214.2,2225.27,2234.57,2253.83,2203.13
KFINTECH-I,2025-07-11 14:00:00,1282.7,1283.4,1280.6,1281.9,Sell,1280.6,1274.2,1266.26,1253.45,1287.0
LODHA-I,2025-07-11 13:45:00,1402.2,1402.5,1395.9,1401.8,Buy,1402.5,1409.51,1415.4,1427.6,1395.49
CAMS-I,2025-07-11 14:00:00,4080.1,4089.4,4078.0,4082.1,Sell,4078.0,4057.61,4032.33,3991.55,4098.39
PAGEIND-I,2025-07-11 13:15:00,47640.0,47745.0,47555.0,47590.0,Sell,47555.0,47317.22,47022.38,46546.83,47792.77
VOLTAS-I,2025-07-11 13:45:00,1371.0,1371.5,1367.2,1370.3,Buy,1371.5,1378.36,1384.12,1396.05,1364.64
BAJAJFINSV-I,2025-07-11 12:30:00,2010.2,2024.0,2010.2,2021.7,Sell,2010.2,2000.15,1987.69,1967.58,2020.25
DALBHARAT-I,2025-07-11 12:30:00,2185.9,2197.2,2185.4,2195.3,Sell,2185.4,2174.47,2160.92,2139.07,2196.33
NTPC-I,2025-07-11 11:00:00,342.5,343.25,341.8,342.6,Buy,343.25,344.97,346.41,349.39,341.53
BLUESTARCO-I,2025-07-11 13:15:00,1795.9,1803.1,1793.0,1793.0,Sell,1793.0,1784.04,1772.92,1754.99,1801.96
ITC-I,2025-07-11 14:15:00,418.6,418.95,418.5,418.5,Sell,418.5,416.41,413.81,409.63,420.59
IRB-I,2025-07-11 12:45:00,47.84,47.89,47.69,47.76,Buy,47.89,48.13,48.33,48.75,47.65
RVNL-I,2025-07-11 12:45:00,384.25,385.05,384.2,384.4,Sell,384.2,382.28,379.9,376.05,386.12
SJVN-I,2025-07-11 12:45:00,98.42,99.05,98.32,98.74,Sell,98.32,97.83,97.22,96.24,98.81
UNIONBANK-I,2025-07-11 12:30:00,142.96,145.45,142.96,144.14,Sell,142.96,142.25,141.36,139.93,143.67
PPLPHARMA-I,2025-07-11 14:30:00,202.37,202.7,201.93,201.93,Sell,201.93,200.92,199.67,197.65,202.94
JIOFIN-I,2025-07-11 11:30:00,327.9,328.5,327.5,327.5,Sell,327.5,325.86,323.83,320.56,329.14
TCS-I,2025-07-10 15:15:00,3381.2,3403.4,3381.0,3397.5,Sell,3381.0,3364.1,3343.13,3309.32,3397.9
CESC-I,2025-07-11 11:00:00,174.57,174.77,174.16,174.77,Buy,174.77,175.64,176.38,177.9,173.9
BALKRISIND-I,2025-07-11 13:30:00,2651.5,2651.5,2640.3,2642.2,Buy,2651.5,2664.76,2675.89,2698.96,2638.24
HDFCAMC-I,2025-07-11 13:15:00,5147.0,5159.5,5140.5,5156.5,Buy,5159.5,5185.3,5206.97,5251.86,5133.7
HAL-I,2025-07-11 12:45:00,4892.3,4927.5,4892.3,4903.4,Sell,4892.3,4867.84,4837.51,4788.58,4916.76
SYNGENE-I,2025-07-11 12:30:00,627.9,631.1,627.25,629.9,Sell,627.25,624.11,620.22,613.95,630.39
BANKNIFTY-I,2025-07-11 12:30:00,56881.2,57021.8,56880.2,56988.0,Sell,56880.2,56595.8,56243.14,55674.34,57164.6
INOXWIND-I,2025-07-11 12:30:00,176.77,177.91,176.77,177.64,Sell,176.77,175.89,174.79,173.02,177.65
TIINDIA-I,2025-07-11 11:30:00,2843.0,2849.5,2837.7,2844.4,Buy,2849.5,2863.75,2875.72,2900.51,2835.25
IDEA-I,2025-07-11 11:00:00,7.17,7.18,7.14,7.17,Buy,7.18,7.22,7.25,7.31,7.14
CROMPTON-I,2025-07-11 12:30:00,336.7,337.65,336.7,337.1,Sell,336.7,335.02,332.93,329.56,338.38
AUROPHARMA-I,2025-07-11 11:30:00,1119.2,1124.0,1117.2,1123.7,Buy,1124.0,1129.62,1134.34,1144.12,1118.38
NHPC-I,2025-07-11 12:30:00,88.35,88.84,88.35,88.78,Sell,88.35,87.91,87.36,86.48,88.79
TRENT-I,2025-07-11 13:15:00,5402.5,5432.0,5400.0,5420.0,Sell,5400.0,5373.0,5339.52,5285.52,5427.0
SUNPHARMA-I,2025-07-11 13:00:00,1673.5,1676.9,1671.0,1675.9,Buy,1676.9,1685.28,1692.33,1706.92,1668.52
TVSMOTOR-I,2025-07-11 14:30:00,2764.9,2773.5,2761.6,2772.3,Sell,2761.6,2747.79,2730.67,2703.05,2775.41
PRESTIGE-I,2025-07-11 12:00:00,1703.0,1703.7,1696.7,1699.0,Buy,1703.7,1712.22,1719.37,1734.2,1695.18
ONGC-I,2025-07-11 12:30:00,242.41,242.87,242.41,242.63,Sell,242.41,241.2,239.7,237.27,243.62
JSL-I,2025-07-11 14:30:00,680.0,680.0,677.0,678.7,Buy,680.0,683.4,686.26,692.17,676.6
ICICIPRULI-I,2025-07-11 13:45:00,662.3,663.9,661.5,663.4,Buy,663.9,667.22,670.01,675.78,660.58
INDUSTOWER-I,2025-07-11 11:00:00,397.45,398.0,396.25,397.85,Buy,398.0,399.99,401.66,405.12,396.01
ASHOKLEY-I,2025-07-11 11:00:00,247.95,248.5,247.3,248.45,Buy,248.5,249.74,250.79,252.95,247.26
ASIANPAINT-I,2025-07-11 12:45:00,2453.1,2453.3,2443.8,2451.5,Buy,2453.3,2465.57,2475.87,2497.21,2441.03
MARUTI-I,2025-07-11 12:45:00,12590.0,12590.0,12553.0,12576.0,Buy,12590.0,12652.95,12705.83,12815.36,12527.05
BHARATFORG-I,2025-07-11 14:00:00,1223.3,1223.9,1221.3,1222.1,Sell,1221.3,1215.19,1207.62,1195.41,1227.41
VEDL-I,2025-07-11 12:15:00,445.75,448.35,445.7,446.25,Sell,445.7,443.47,440.71,436.25,447.93
PETRONET-I,2025-07-11 11:45:00,302.75,303.85,302.75,303.0,Sell,302.75,301.24,299.36,296.33,304.26
PIIND-I,2025-07-11 13:15:00,4059.3,4069.0,4059.0,4064.4,Sell,4059.0,4038.7,4013.54,3972.95,4079.29
TITAGARH-I,2025-07-11 10:30:00,936.35,936.4,932.2,933.15,Buy,936.4,941.08,945.01,953.16,931.72
FEDERALBNK-I,2025-07-11 09:15:00,211.42,212.21,211.13,211.98,Sell,211.13,210.07,208.77,206.65,212.19
MFSL-I,2025-07-11 14:00:00,1566.8,1567.0,1564.6,1565.2,Buy,1567.0,1574.83,1581.42,1595.05,1559.16
COLPAL-I,2025-07-11 09:15:00,2408.0,2445.3,2405.1,2438.4,Buy,2445.3,2457.53,2467.8,2489.07,2433.07
LT-I,2025-07-11 13:45:00,3546.7,3558.9,3545.4,3553.5,Buy,3558.9,3576.69,3591.64,3622.6,3541.11
M&M-I,2025-07-11 12:45:00,3099.0,3100.2,3086.2,3094.5,Buy,3100.2,3115.7,3128.72,3155.69,3084.7
SOLARINDS-I,2025-07-11 13:15:00,15625.0,15665.0,15617.0,15640.0,Sell,15617.0,15538.92,15442.09,15285.92,15695.08
BEL-I,2025-07-11 12:45:00,412.95,414.25,412.8,413.3,Sell,412.8,410.74,408.18,404.05,414.86
YESBANK-I,2025-07-11 12:30:00,19.77,19.88,19.77,19.84,Sell,19.77,19.67,19.55,19.35,19.87
NCC-I,2025-07-11 13:30:00,222.38,222.95,222.38,222.42,Sell,222.38,221.27,219.89,217.67,223.49
TATAMOTORS-I,2025-07-11 14:00:00,687.6,688.6,687.05,687.85,Sell,687.05,683.61,679.36,672.48,690.49
HINDCOPPER-I,2025-07-11 12:30:00,262.15,264.0,262.05,263.0,Sell,262.05,260.74,259.12,256.49,263.36
PHOENIXLTD-I,2025-07-11 11:00:00,1494.9,1495.0,1488.0,1492.2,Buy,1495.0,1502.48,1508.75,1521.76,1487.52
AUBANK-I,2025-07-11 13:45:00,824.5,825.15,824.5,824.65,Sell,824.5,820.38,815.27,807.02,828.62
